,label
0,3.0
1,3.0
2,2.0
3,3.0
4,1.0
5,1.0
6,3.0
7,3.0
8,3.0
9,1.0
10,0.0
11,1.0
12,3.0
13,1.0
14,2.0
15,2.0
16,3.0
17,2.0
18,1.0
19,3.0
20,2.0
21,1.0
22,3.0
23,1.0
24,2.0
25,3.0
26,3.0
27,0.0
28,2.0
29,3.0
30,2.0
31,2.0
32,2.0
33,2.0
34,3.0
35,1.0
36,1.0
37,1.0
38,2.0
39,2.0
40,1.0
41,0.0
42,3.0
43,1.0
44,3.0
45,2.0
46,3.0
47,3.0
48,0.0
49,3.0
50,1.0
51,2.0
52,1.0
53,1.0
54,2.0
55,2.0
56,2.0
57,3.0
58,1.0
59,0.0
60,2.0
61,0.0
62,0.0
63,2.0
64,2.0
65,3.0
66,3.0
67,1.0
68,3.0
69,3.0
70,0.0
71,0.0
72,1.0
73,0.0
74,3.0
75,1.0
76,0.0
77,3.0
78,2.0
79,2.0
80,1.0
81,3.0
82,3.0
83,0.0
84,1.0
85,3.0
86,1.0
87,1.0
88,3.0
89,3.0
90,2.0
91,0.0
92,3.0
93,1.0
94,3.0
95,3.0
96,3.0
97,2.0
98,3.0
99,2.0
100,3.0
101,3.0
102,2.0
103,1.0
104,0.0
105,2.0
106,1.0
107,2.0
108,1.0
109,1.0
110,2.0
111,2.0
112,0.0
113,3.0
114,3.0
115,1.0
116,3.0
117,2.0
118,3.0
119,3.0
120,1.0
121,1.0
122,1.0
123,2.0
124,3.0
125,2.0
126,2.0
127,3.0
128,2.0
129,2.0
130,2.0
131,0.0
132,0.0
133,1.0
134,3.0
135,0.0
136,1.0
137,2.0
138,0.0
139,2.0
140,2.0
141,0.0
142,1.0
143,1.0
144,2.0
145,3.0
146,2.0
147,1.0
148,0.0
149,2.0
150,1.0
151,0.0
152,2.0
153,2.0
154,3.0
155,1.0
156,3.0
157,0.0
158,3.0
159,2.0
160,3.0
161,0.0
162,0.0
163,3.0
164,2.0
165,0.0
166,0.0
167,1.0
168,1.0
169,2.0
170,1.0
171,3.0
172,1.0
173,1.0
174,1.0
175,1.0
176,3.0
177,1.0
178,2.0
179,2.0
180,3.0
181,3.0
182,3.0
183,3.0
184,2.0
185,1.0
186,2.0
187,2.0
188,1.0
189,0.0
190,2.0
191,3.0
192,2.0
193,0.0
194,1.0
195,1.0
196,2.0
197,3.0
198,0.0
199,3.0
200,2.0
201,2.0
202,2.0
203,2.0
204,3.0
205,3.0
206,0.0
207,3.0
208,2.0
209,1.0
210,0.0
211,1.0
212,1.0
213,1.0
214,1.0
215,0.0
216,3.0
217,0.0
218,1.0
219,0.0
220,2.0
221,0.0
222,2.0
223,2.0
224,1.0
225,1.0
226,0.0
227,1.0
228,2.0
229,3.0
230,2.0
231,3.0
232,2.0
233,2.0
234,2.0
235,0.0
236,1.0
237,1.0
238,1.0
239,3.0
240,1.0
241,1.0
242,0.0
243,2.0
244,1.0
245,1.0
246,2.0
247,2.0
248,2.0
249,1.0
250,3.0
251,0.0
252,0.0
253,1.0
254,0.0
255,1.0
256,1.0
257,2.0
258,0.0
259,0.0
260,2.0
261,2.0
262,3.0
263,1.0
264,2.0
265,0.0
266,2.0
267,2.0
268,1.0
269,2.0
270,3.0
271,2.0
272,0.0
273,1.0
274,3.0
275,3.0
276,3.0
277,3.0
278,0.0
279,3.0
280,2.0
281,3.0
282,2.0
283,1.0
284,0.0
285,1.0
286,0.0
287,3.0
288,2.0
289,3.0
290,1.0
291,2.0
292,0.0
293,2.0
294,2.0
295,1.0
296,0.0
297,3.0
298,3.0
299,0.0
300,2.0
301,2.0
302,2.0
303,0.0
304,0.0
305,3.0
306,0.0
307,1.0
308,0.0
309,0.0
310,2.0
311,0.0
312,2.0
313,2.0
314,3.0
315,1.0
316,3.0
317,3.0
318,1.0
319,0.0
320,3.0
321,0.0
322,3.0
323,0.0
324,3.0
325,1.0
326,2.0
327,2.0
328,3.0
329,3.0
330,3.0
331,0.0
332,1.0
333,1.0
334,1.0
335,3.0
336,2.0
337,0.0
338,1.0
339,3.0
340,1.0
341,1.0
342,3.0
343,3.0
344,2.0
345,2.0
346,2.0
347,2.0
348,2.0
349,3.0
350,0.0
351,3.0
352,3.0
353,2.0
354,3.0
355,3.0
356,3.0
357,0.0
358,2.0
359,1.0
360,2.0
361,0.0
362,0.0
363,2.0
364,0.0
365,3.0
366,0.0
367,1.0
368,1.0
369,0.0
370,2.0
371,1.0
372,2.0
373,1.0
374,2.0
375,3.0
376,0.0
377,1.0
378,1.0
379,2.0
380,3.0
381,0.0
382,2.0
383,1.0
384,3.0
385,1.0
386,3.0
387,1.0
388,3.0
389,0.0
390,2.0
391,2.0
392,2.0
393,0.0
394,1.0
395,2.0
396,2.0
397,1.0
398,2.0
399,1.0
400,3.0
401,3.0
402,2.0
403,1.0
404,3.0
405,1.0
406,2.0
407,3.0
408,0.0
409,3.0
410,0.0
411,3.0
412,0.0
413,0.0
414,0.0
415,2.0
416,1.0
417,2.0
418,0.0
419,1.0
420,2.0
421,3.0
422,1.0
423,2.0
424,1.0
425,2.0
426,3.0
427,1.0
428,2.0
429,2.0
430,3.0
431,1.0
432,1.0
433,2.0
434,1.0
435,0.0
436,1.0
437,1.0
438,2.0
439,3.0
440,0.0
441,1.0
442,2.0
443,1.0
444,3.0
445,2.0
446,2.0
447,2.0
448,2.0
449,2.0
450,0.0
451,0.0
452,2.0
453,0.0
454,0.0
455,2.0
456,3.0
457,0.0
458,0.0
459,3.0
460,0.0
461,0.0
462,1.0
463,3.0
464,2.0
465,3.0
466,1.0
467,1.0
468,1.0
469,1.0
470,2.0
471,0.0
472,0.0
473,1.0
474,2.0
475,2.0
476,1.0
477,3.0
478,1.0
479,0.0
480,0.0
481,0.0
482,0.0
483,0.0
484,1.0
485,0.0
486,1.0
487,0.0
488,1.0
489,3.0
490,0.0
491,0.0
492,0.0
493,3.0
494,3.0
495,1.0
496,2.0
497,2.0
498,2.0
499,0.0
500,1.0
501,3.0
502,1.0
503,0.0
504,1.0
505,1.0
506,3.0
507,2.0
508,1.0
509,2.0
510,3.0
511,2.0
512,2.0
513,3.0
514,2.0
515,2.0
516,2.0
517,0.0
518,0.0
519,3.0
520,1.0
521,3.0
522,1.0
523,1.0
524,2.0
525,1.0
526,2.0
527,0.0
528,3.0
529,2.0
530,1.0
531,3.0
532,1.0
533,2.0
534,1.0
535,1.0
536,2.0
537,1.0
538,1.0
539,2.0
540,0.0
541,1.0
542,1.0
543,0.0
544,1.0
545,3.0
546,2.0
547,1.0
548,1.0
549,1.0
550,1.0
551,0.0
552,1.0
553,2.0
554,1.0
555,0.0
556,3.0
557,2.0
558,3.0
559,2.0
560,0.0
561,3.0
562,1.0
563,0.0
564,2.0
565,2.0
566,2.0
567,1.0
568,1.0
569,1.0
570,2.0
571,3.0
572,2.0
573,2.0
574,1.0
575,2.0
576,0.0
577,0.0
578,0.0
579,2.0
580,1.0
581,2.0
582,0.0
583,3.0
584,1.0
585,3.0
586,1.0
587,3.0
588,1.0
589,1.0
590,1.0
591,3.0
592,3.0
593,0.0
594,0.0
595,0.0
596,0.0
597,1.0
598,1.0
599,1.0
600,1.0
601,0.0
602,0.0
603,0.0
604,1.0
605,1.0
606,0.0
607,1.0
608,0.0
609,2.0
610,0.0
611,1.0
612,1.0
613,2.0
614,3.0
615,0.0
616,1.0
617,3.0
618,1.0
619,0.0
620,3.0
621,2.0
622,2.0
623,0.0
624,0.0
625,1.0
626,2.0
627,0.0
628,3.0
629,1.0
630,1.0
631,3.0
632,0.0
633,2.0
634,3.0
635,3.0
636,0.0
637,3.0
638,2.0
639,2.0
640,2.0
641,1.0
642,3.0
643,2.0
644,1.0
645,1.0
646,1.0
647,1.0
648,2.0
649,1.0
650,3.0
651,1.0
652,2.0
653,1.0
654,1.0
655,2.0
656,1.0
657,0.0
658,1.0
659,2.0
660,1.0
661,1.0
662,3.0
663,2.0
664,0.0
665,0.0
666,0.0
667,2.0
668,0.0
669,2.0
670,0.0
671,2.0
672,3.0
673,1.0
674,1.0
675,3.0
676,2.0
677,2.0
678,1.0
679,0.0
680,1.0
681,2.0
682,0.0
683,1.0
684,3.0
685,1.0
686,0.0
687,3.0
688,1.0
689,3.0
690,3.0
691,0.0
692,0.0
693,3.0
694,3.0
695,2.0
696,1.0
697,3.0
698,2.0
699,0.0
700,2.0
701,0.0
702,2.0
703,1.0
704,1.0
705,0.0
706,1.0
707,1.0
708,2.0
709,1.0
710,2.0
711,2.0
712,2.0
713,2.0
714,3.0
715,0.0
716,1.0
717,2.0
718,0.0
719,2.0
720,1.0
721,0.0
722,3.0
723,0.0
724,3.0
725,0.0
726,0.0
727,0.0
728,2.0
729,1.0
730,2.0
731,1.0
732,1.0
733,1.0
734,1.0
735,0.0
736,0.0
737,1.0
738,2.0
739,1.0
740,1.0
741,3.0
742,2.0
743,2.0
744,3.0
745,0.0
746,1.0
747,1.0
748,0.0
749,3.0
750,2.0
751,1.0
752,0.0
753,1.0
754,0.0
755,1.0
756,1.0
757,2.0
758,1.0
759,1.0
760,1.0
761,1.0
762,1.0
763,2.0
764,2.0
765,3.0
766,0.0
767,0.0
768,0.0
769,2.0
770,2.0
771,1.0
772,1.0
773,2.0
774,3.0
775,0.0
776,1.0
777,1.0
778,0.0
779,0.0
780,1.0
781,1.0
782,0.0
783,0.0
784,0.0
785,2.0
786,1.0
787,2.0
788,3.0
789,0.0
790,3.0
791,1.0
792,2.0
793,0.0
794,1.0
795,1.0
796,0.0
797,0.0
798,1.0
799,1.0
800,1.0
801,3.0
802,0.0
803,2.0
804,1.0
805,0.0
806,0.0
807,1.0
808,1.0
809,3.0
810,0.0
811,2.0
812,2.0
813,3.0
814,0.0
815,2.0
816,0.0
817,1.0
818,3.0
819,1.0
820,1.0
821,3.0
822,0.0
823,3.0
824,3.0
825,1.0
826,1.0
827,2.0
828,3.0
829,1.0
830,3.0
831,1.0
832,2.0
833,1.0
834,1.0
835,1.0
836,2.0
837,1.0
838,1.0
839,1.0
840,2.0
841,2.0
842,3.0
843,0.0
844,1.0
845,1.0
846,0.0
847,0.0
848,2.0
849,3.0
850,0.0
851,1.0
852,3.0
853,2.0
854,0.0
855,1.0
856,0.0
857,1.0
858,1.0
859,0.0
860,3.0
861,3.0
862,3.0
863,0.0
864,1.0
865,3.0
866,0.0
867,3.0
868,1.0
869,0.0
870,2.0
871,0.0
872,1.0
873,0.0
874,3.0
875,3.0
876,0.0
877,2.0
878,2.0
879,3.0
880,2.0
881,1.0
882,0.0
883,3.0
884,2.0
885,0.0
886,2.0
887,1.0
888,0.0
889,3.0
890,1.0
891,3.0
892,3.0
893,1.0
894,0.0
895,1.0
896,0.0
897,0.0
898,0.0
899,3.0
900,2.0
901,2.0
902,2.0
903,2.0
904,3.0
905,3.0
906,1.0
907,0.0
908,2.0
909,3.0
910,2.0
911,3.0
912,3.0
913,2.0
914,1.0
915,3.0
916,1.0
917,0.0
918,3.0
919,2.0
920,0.0
921,2.0
922,1.0
923,0.0
924,0.0
925,3.0
926,0.0
927,0.0
928,3.0
929,2.0
930,2.0
931,0.0
932,3.0
933,1.0
934,1.0
935,0.0
936,1.0
937,1.0
938,2.0
939,1.0
940,2.0
941,3.0
942,3.0
943,0.0
944,2.0
945,1.0
946,3.0
947,2.0
948,1.0
949,1.0
950,2.0
951,1.0
952,0.0
953,1.0
954,3.0
955,1.0
956,1.0
957,1.0
958,1.0
959,0.0
960,0.0
961,2.0
962,1.0
963,1.0
964,2.0
965,0.0
966,0.0
967,1.0
968,1.0
969,1.0
970,1.0
971,1.0
972,1.0
973,1.0
974,1.0
975,1.0
976,0.0
977,3.0
978,3.0
979,2.0
980,3.0
981,0.0
982,2.0
983,3.0
984,1.0
985,1.0
986,0.0
987,1.0
988,1.0
989,1.0
990,0.0
991,2.0
992,1.0
993,0.0
994,0.0
995,0.0
996,1.0
997,0.0
998,0.0
999,0.0
1000,0.0
1001,0.0
1002,1.0
1003,1.0
1004,3.0
1005,3.0
1006,3.0
1007,2.0
1008,2.0
1009,2.0
1010,2.0
1011,0.0
1012,2.0
1013,1.0
1014,1.0
1015,3.0
1016,1.0
1017,0.0
1018,2.0
1019,3.0
1020,1.0
1021,2.0
1022,1.0
1023,2.0
1024,1.0
1025,2.0
1026,2.0
1027,3.0
1028,3.0
1029,0.0
1030,1.0
1031,2.0
1032,0.0
1033,2.0
1034,3.0
1035,0.0
1036,1.0
1037,2.0
1038,2.0
1039,2.0
1040,0.0
1041,1.0
1042,1.0
1043,1.0
1044,1.0
1045,1.0
1046,2.0
1047,2.0
1048,3.0
1049,2.0
1050,0.0
1051,3.0
1052,3.0
1053,3.0
1054,0.0
1055,2.0
1056,2.0
1057,3.0
1058,1.0
1059,0.0
1060,1.0
1061,3.0
1062,2.0
1063,2.0
1064,0.0
1065,1.0
1066,1.0
1067,0.0
1068,2.0
1069,0.0
1070,1.0
1071,2.0
1072,2.0
1073,1.0
1074,1.0
1075,1.0
1076,1.0
1077,1.0
1078,0.0
1079,2.0
1080,3.0
1081,2.0
1082,1.0
1083,0.0
1084,0.0
1085,0.0
1086,0.0
1087,2.0
1088,1.0
1089,0.0
1090,1.0
1091,3.0
1092,2.0
1093,1.0
1094,2.0
1095,2.0
1096,0.0
1097,2.0
1098,2.0
1099,0.0
1100,1.0
1101,0.0
1102,3.0
1103,3.0
1104,0.0
1105,3.0
1106,2.0
1107,0.0
1108,3.0
1109,2.0
1110,2.0
1111,0.0
1112,3.0
1113,1.0
1114,2.0
1115,0.0
1116,2.0
1117,2.0
1118,2.0
1119,2.0
1120,3.0
1121,2.0
1122,1.0
1123,0.0
1124,2.0
1125,2.0
1126,1.0
1127,1.0
1128,2.0
1129,1.0
1130,0.0
1131,1.0
1132,0.0
1133,1.0
1134,0.0
1135,3.0
1136,3.0
1137,0.0
1138,1.0
1139,2.0
1140,2.0
1141,2.0
1142,0.0
1143,2.0
1144,0.0
1145,3.0
1146,1.0
1147,0.0
1148,3.0
1149,2.0
1150,2.0
1151,1.0
1152,3.0
1153,2.0
1154,0.0
1155,0.0
1156,3.0
1157,1.0
1158,3.0
1159,2.0
1160,3.0
1161,3.0
1162,1.0
1163,0.0
1164,1.0
1165,3.0
1166,1.0
1167,3.0
1168,2.0
1169,2.0
1170,3.0
1171,0.0
1172,2.0
1173,3.0
1174,1.0
1175,3.0
1176,3.0
1177,3.0
1178,1.0
1179,2.0
1180,1.0
1181,3.0
1182,0.0
1183,1.0
1184,1.0
1185,1.0
1186,0.0
1187,3.0
1188,1.0
1189,1.0
1190,1.0
1191,1.0
1192,0.0
1193,3.0
1194,3.0
1195,2.0
1196,3.0
1197,1.0
1198,1.0
1199,3.0
1200,1.0
1201,1.0
1202,1.0
1203,2.0
1204,2.0
1205,2.0
1206,2.0
1207,1.0
1208,2.0
1209,2.0
1210,1.0
1211,2.0
1212,1.0
1213,0.0
1214,0.0
1215,1.0
1216,1.0
1217,2.0
1218,0.0
1219,1.0
1220,1.0
1221,2.0
1222,0.0
1223,0.0
1224,1.0
1225,0.0
1226,3.0
1227,1.0
1228,0.0
1229,1.0
1230,0.0
1231,3.0
1232,1.0
1233,2.0
1234,0.0
1235,2.0
1236,0.0
1237,0.0
1238,0.0
1239,0.0
1240,2.0
1241,2.0
1242,0.0
1243,3.0
1244,1.0
1245,2.0
1246,3.0
1247,1.0
1248,1.0
1249,0.0
1250,1.0
1251,0.0
1252,2.0
1253,1.0
1254,0.0
1255,3.0
1256,0.0
1257,3.0
1258,1.0
1259,1.0
1260,3.0
1261,0.0
1262,0.0
1263,2.0
1264,1.0
1265,0.0
1266,0.0
1267,1.0
1268,2.0
1269,0.0
1270,0.0
1271,2.0
1272,1.0
1273,0.0
1274,0.0
1275,3.0
1276,1.0
1277,0.0
1278,0.0
1279,0.0
1280,2.0
1281,1.0
1282,2.0
1283,3.0
1284,2.0
1285,0.0
1286,2.0
1287,2.0
1288,1.0
1289,3.0
1290,3.0
1291,2.0
1292,1.0
1293,2.0
1294,3.0
1295,0.0
1296,0.0
1297,1.0
1298,3.0
1299,1.0
1300,2.0
1301,0.0
1302,0.0
1303,2.0
1304,2.0
1305,2.0
1306,2.0
1307,3.0
1308,1.0
1309,1.0
1310,0.0
1311,0.0
1312,0.0
1313,2.0
1314,1.0
1315,1.0
1316,3.0
1317,2.0
1318,3.0
1319,1.0
1320,1.0
1321,0.0
1322,1.0
1323,3.0
1324,0.0
1325,3.0
1326,0.0
1327,3.0
1328,3.0
1329,1.0
1330,2.0
1331,0.0
1332,3.0
1333,3.0
1334,0.0
1335,1.0
1336,2.0
1337,1.0
1338,3.0
1339,1.0
1340,2.0
1341,0.0
1342,2.0
1343,1.0
1344,1.0
1345,2.0
1346,0.0
1347,1.0
1348,0.0
1349,1.0
1350,2.0
1351,1.0
1352,3.0
1353,0.0
1354,0.0
1355,0.0
1356,3.0
1357,2.0
1358,1.0
1359,3.0
1360,1.0
1361,2.0
1362,3.0
1363,0.0
1364,2.0
1365,3.0
1366,3.0
1367,1.0
1368,0.0
1369,3.0
1370,2.0
1371,1.0
1372,0.0
1373,3.0
1374,3.0
1375,1.0
1376,2.0
1377,0.0
1378,3.0
1379,1.0
1380,2.0
1381,2.0
1382,1.0
1383,2.0
1384,2.0
1385,0.0
1386,3.0
1387,3.0
1388,0.0
1389,0.0
1390,1.0
1391,0.0
1392,0.0
1393,1.0
1394,3.0
1395,2.0
1396,3.0
1397,1.0
1398,0.0
1399,2.0
1400,1.0
1401,1.0
1402,0.0
1403,3.0
1404,0.0
1405,3.0
1406,2.0
1407,0.0
1408,2.0
1409,1.0
1410,1.0
1411,0.0
1412,1.0
1413,1.0
1414,2.0
1415,1.0
1416,1.0
1417,0.0
1418,2.0
1419,0.0
1420,1.0
1421,1.0
1422,0.0
1423,1.0
1424,3.0
1425,0.0
1426,0.0
1427,3.0
1428,0.0
1429,1.0
1430,0.0
1431,1.0
1432,0.0
1433,2.0
1434,1.0
1435,1.0
1436,0.0
1437,0.0
1438,1.0
1439,1.0
1440,1.0
1441,2.0
1442,2.0
1443,1.0
1444,3.0
1445,0.0
1446,2.0
1447,0.0
1448,0.0
1449,0.0
1450,0.0
1451,0.0
1452,3.0
1453,0.0
1454,2.0
1455,2.0
1456,3.0
1457,2.0
1458,1.0
1459,3.0
1460,2.0
1461,2.0
1462,3.0
1463,1.0
1464,0.0
1465,3.0
1466,0.0
1467,3.0
1468,2.0
1469,0.0
1470,0.0
1471,3.0
1472,3.0
1473,0.0
1474,0.0
1475,0.0
1476,2.0
1477,3.0
1478,3.0
1479,0.0
1480,0.0
1481,2.0
1482,0.0
1483,2.0
1484,0.0
1485,0.0
1486,1.0
1487,2.0
1488,2.0
1489,1.0
1490,3.0
1491,1.0
1492,3.0
1493,0.0
1494,2.0
1495,1.0
1496,0.0
1497,2.0
1498,0.0
1499,2.0
1500,2.0
1501,1.0
1502,3.0
1503,1.0
1504,1.0
1505,0.0
1506,3.0
1507,2.0
1508,2.0
1509,2.0
1510,0.0
1511,2.0
1512,3.0
1513,1.0
1514,2.0
1515,0.0
1516,2.0
1517,1.0
1518,0.0
1519,0.0
1520,0.0
1521,3.0
1522,3.0
1523,1.0
1524,0.0
1525,3.0
1526,1.0
1527,3.0
1528,1.0
1529,3.0
1530,2.0
1531,1.0
1532,3.0
1533,2.0
1534,1.0
1535,3.0
1536,1.0
1537,2.0
1538,3.0
1539,1.0
1540,1.0
1541,3.0
1542,2.0
1543,3.0
1544,1.0
1545,3.0
1546,3.0
1547,3.0
1548,1.0
1549,2.0
1550,1.0
1551,2.0
1552,2.0
1553,3.0
1554,3.0
1555,2.0
1556,3.0
1557,3.0
1558,2.0
1559,3.0
1560,1.0
1561,1.0
1562,1.0
1563,1.0
1564,3.0
1565,2.0
1566,2.0
1567,2.0
1568,2.0
1569,0.0
1570,1.0
1571,1.0
1572,2.0
1573,2.0
1574,1.0
1575,1.0
1576,1.0
1577,0.0
1578,2.0
1579,3.0
1580,0.0
1581,3.0
1582,1.0
1583,0.0
1584,1.0
1585,2.0
1586,1.0
1587,2.0
1588,3.0
1589,0.0
1590,3.0
1591,2.0
1592,1.0
1593,0.0
1594,3.0
1595,3.0
1596,3.0
1597,3.0
1598,1.0
1599,3.0
1600,3.0
1601,2.0
1602,0.0
1603,3.0
1604,1.0
1605,2.0
1606,0.0
1607,3.0
1608,2.0
1609,2.0
1610,2.0
1611,0.0
1612,1.0
1613,1.0
1614,2.0
1615,2.0
1616,0.0
1617,2.0
1618,2.0
1619,1.0
1620,2.0
1621,0.0
1622,2.0
1623,2.0
1624,1.0
1625,0.0
1626,0.0
1627,1.0
1628,1.0
1629,0.0
1630,1.0
1631,0.0
1632,3.0
1633,0.0
1634,1.0
1635,1.0
1636,0.0
1637,0.0
1638,2.0
1639,1.0
1640,2.0
1641,0.0
1642,0.0
1643,0.0
1644,2.0
1645,0.0
1646,0.0
1647,2.0
1648,1.0
1649,2.0
1650,0.0
1651,0.0
1652,0.0
1653,1.0
1654,0.0
1655,1.0
1656,0.0
1657,2.0
1658,2.0
1659,3.0
1660,0.0
1661,1.0
1662,3.0
1663,3.0
1664,1.0
1665,2.0
1666,1.0
1667,0.0
1668,2.0
1669,0.0
1670,0.0
1671,3.0
1672,0.0
1673,1.0
1674,0.0
1675,2.0
1676,0.0
1677,3.0
1678,0.0
1679,1.0
1680,2.0
1681,2.0
1682,0.0
1683,2.0
1684,3.0
1685,1.0
1686,1.0
1687,3.0
1688,2.0
1689,0.0
1690,0.0
1691,3.0
1692,2.0
1693,0.0
1694,2.0
1695,3.0
1696,3.0
1697,3.0
1698,1.0
1699,1.0
1700,2.0
1701,1.0
1702,3.0
1703,2.0
1704,3.0
1705,1.0
1706,3.0
1707,2.0
1708,0.0
1709,2.0
1710,3.0
1711,3.0
1712,2.0
1713,2.0
1714,2.0
1715,0.0
1716,1.0
1717,3.0
1718,2.0
1719,1.0
1720,3.0
1721,0.0
1722,0.0
1723,1.0
1724,3.0
1725,3.0
1726,2.0
1727,1.0
1728,2.0
1729,0.0
1730,3.0
1731,1.0
1732,1.0
1733,0.0
1734,0.0
1735,0.0
1736,1.0
1737,0.0
1738,2.0
1739,1.0
1740,2.0
1741,0.0
1742,1.0
1743,1.0
1744,1.0
1745,3.0
1746,1.0
1747,3.0
1748,3.0
1749,1.0
1750,2.0
1751,0.0
1752,1.0
1753,3.0
1754,1.0
1755,2.0
1756,2.0
1757,0.0
1758,3.0
1759,3.0
1760,2.0
1761,3.0
1762,3.0
1763,2.0
1764,2.0
1765,1.0
1766,1.0
1767,0.0
1768,2.0
1769,0.0
1770,2.0
1771,1.0
1772,1.0
1773,2.0
1774,0.0
1775,1.0
1776,3.0
1777,0.0
1778,1.0
1779,1.0
1780,2.0
1781,1.0
1782,1.0
1783,2.0
1784,2.0
1785,3.0
1786,2.0
1787,3.0
1788,1.0
1789,1.0
1790,3.0
1791,0.0
1792,1.0
1793,1.0
1794,0.0
1795,3.0
1796,2.0
1797,0.0
1798,1.0
1799,1.0
1800,1.0
1801,0.0
1802,0.0
1803,0.0
1804,1.0
1805,2.0
1806,0.0
1807,0.0
1808,2.0
1809,2.0
1810,3.0
1811,3.0
1812,3.0
1813,3.0
1814,1.0
1815,3.0
1816,3.0
1817,1.0
1818,3.0
1819,3.0
1820,1.0
1821,0.0
1822,0.0
1823,1.0
1824,0.0
1825,0.0
1826,2.0
1827,1.0
1828,3.0
1829,3.0
1830,1.0
1831,2.0
1832,2.0
1833,0.0
1834,1.0
1835,1.0
1836,3.0
1837,1.0
1838,3.0
1839,1.0
1840,2.0
1841,3.0
1842,3.0
1843,3.0
1844,2.0
1845,1.0
1846,2.0
1847,3.0
1848,0.0
1849,2.0
1850,3.0
1851,2.0
1852,3.0
1853,1.0
1854,1.0
1855,3.0
1856,1.0
1857,0.0
1858,0.0
1859,2.0
1860,2.0
1861,0.0
1862,0.0
1863,2.0
1864,2.0
1865,1.0
1866,0.0
1867,0.0
1868,1.0
1869,3.0
1870,2.0
1871,1.0
1872,0.0
1873,1.0
1874,3.0
1875,3.0
1876,0.0
1877,3.0
1878,0.0
1879,0.0
1880,0.0
1881,3.0
1882,0.0
1883,2.0
1884,1.0
1885,3.0
1886,1.0
1887,2.0
1888,3.0
1889,2.0
1890,1.0
1891,2.0
1892,1.0
1893,0.0
1894,1.0
1895,3.0
1896,2.0
1897,0.0
1898,0.0
1899,0.0
1900,0.0
1901,3.0
1902,0.0
1903,0.0
1904,0.0
1905,0.0
1906,2.0
1907,0.0
1908,0.0
1909,2.0
1910,2.0
1911,0.0
1912,3.0
1913,2.0
1914,1.0
1915,1.0
1916,3.0
1917,1.0
1918,3.0
1919,0.0
1920,3.0
1921,2.0
1922,2.0
1923,1.0
1924,0.0
1925,1.0
1926,1.0
1927,0.0
1928,0.0
1929,2.0
1930,1.0
1931,2.0
1932,0.0
1933,0.0
1934,0.0
1935,3.0
1936,0.0
1937,0.0
1938,2.0
1939,0.0
1940,3.0
1941,1.0
1942,1.0
1943,1.0
1944,2.0
1945,3.0
1946,1.0
1947,0.0
1948,3.0
1949,1.0
1950,0.0
1951,2.0
1952,0.0
1953,1.0
1954,3.0
1955,2.0
1956,0.0
1957,3.0
1958,0.0
1959,3.0
1960,2.0
1961,1.0
1962,0.0
1963,2.0
1964,1.0
1965,2.0
1966,2.0
1967,3.0
1968,0.0
1969,1.0
1970,1.0
1971,1.0
1972,1.0
1973,0.0
1974,3.0
1975,0.0
1976,1.0
1977,1.0
1978,0.0
1979,1.0
1980,0.0
1981,0.0
1982,2.0
1983,0.0
1984,2.0
1985,0.0
1986,1.0
1987,3.0
1988,3.0
1989,1.0
1990,3.0
1991,2.0
1992,2.0
1993,2.0
1994,2.0
1995,2.0
1996,1.0
1997,3.0
1998,2.0
1999,0.0
2000,1.0
2001,2.0
2002,0.0
2003,0.0
2004,2.0
2005,2.0
2006,2.0
2007,1.0
2008,2.0
2009,2.0
2010,1.0
2011,1.0
2012,0.0
2013,2.0
2014,2.0
2015,2.0
2016,2.0
2017,3.0
2018,2.0
2019,2.0
2020,2.0
2021,1.0
2022,3.0
2023,0.0
2024,3.0
2025,3.0
2026,0.0
2027,3.0
2028,1.0
2029,2.0
2030,1.0
2031,1.0
2032,2.0
2033,0.0
2034,1.0
2035,1.0
2036,0.0
2037,1.0
2038,2.0
2039,2.0
2040,0.0
2041,1.0
2042,0.0
2043,2.0
2044,1.0
2045,1.0
2046,0.0
2047,0.0
2048,0.0
2049,0.0
2050,0.0
2051,1.0
2052,3.0
2053,3.0
2054,0.0
2055,1.0
2056,1.0
2057,3.0
2058,0.0
2059,2.0
2060,2.0
2061,2.0
2062,2.0
2063,3.0
2064,1.0
2065,0.0
2066,0.0
2067,3.0
2068,3.0
2069,0.0
2070,2.0
2071,3.0
2072,3.0
2073,3.0
2074,2.0
2075,2.0
2076,0.0
2077,2.0
2078,1.0
2079,2.0
2080,2.0
2081,0.0
2082,2.0
2083,1.0
2084,2.0
2085,3.0
2086,2.0
2087,3.0
2088,0.0
2089,1.0
2090,0.0
2091,3.0
2092,2.0
2093,2.0
2094,1.0
2095,0.0
2096,3.0
2097,0.0
2098,0.0
2099,2.0
2100,0.0
2101,2.0
2102,2.0
2103,2.0
2104,3.0
2105,3.0
2106,1.0
2107,1.0
2108,3.0
2109,3.0
2110,1.0
2111,3.0
2112,2.0
2113,0.0
2114,1.0
2115,3.0
2116,0.0
2117,0.0
2118,1.0
2119,2.0
2120,2.0
2121,2.0
2122,0.0
2123,3.0
2124,1.0
2125,0.0
2126,1.0
2127,1.0
2128,1.0
2129,1.0
2130,1.0
2131,3.0
2132,0.0
2133,3.0
2134,2.0
2135,3.0
2136,2.0
2137,0.0
2138,2.0
2139,0.0
2140,1.0
2141,3.0
2142,1.0
2143,0.0
2144,1.0
2145,2.0
2146,0.0
2147,2.0
2148,3.0
2149,0.0
2150,1.0
2151,2.0
2152,3.0
2153,1.0
2154,2.0
2155,2.0
2156,1.0
2157,1.0
2158,1.0
2159,1.0
2160,0.0
2161,2.0
2162,0.0
2163,0.0
2164,2.0
2165,0.0
2166,2.0
2167,3.0
2168,2.0
2169,1.0
2170,3.0
2171,0.0
2172,2.0
2173,0.0
2174,0.0
2175,2.0
2176,2.0
2177,3.0
2178,3.0
2179,0.0
2180,0.0
2181,3.0
2182,2.0
2183,2.0
2184,3.0
2185,0.0
2186,3.0
2187,3.0
2188,1.0
2189,0.0
2190,0.0
2191,3.0
2192,2.0
2193,1.0
2194,0.0
2195,0.0
2196,2.0
2197,1.0
2198,1.0
2199,0.0
2200,1.0
2201,3.0
2202,1.0
2203,2.0
2204,1.0
2205,1.0
2206,2.0
2207,1.0
2208,2.0
2209,0.0
2210,1.0
2211,2.0
2212,0.0
2213,3.0
2214,0.0
2215,2.0
2216,0.0
2217,2.0
2218,2.0
2219,2.0
2220,0.0
2221,0.0
2222,0.0
2223,2.0
2224,2.0
2225,2.0
2226,0.0
2227,1.0
2228,0.0
2229,0.0
2230,1.0
2231,0.0
2232,2.0
2233,3.0
2234,1.0
2235,2.0
2236,3.0
2237,0.0
2238,0.0
2239,1.0
2240,2.0
2241,2.0
2242,2.0
2243,2.0
2244,0.0
2245,2.0
2246,3.0
2247,3.0
2248,1.0
2249,0.0
2250,3.0
2251,2.0
2252,0.0
2253,3.0
2254,2.0
2255,1.0
2256,0.0
2257,0.0
2258,2.0
2259,1.0
2260,1.0
2261,1.0
2262,1.0
2263,1.0
2264,0.0
2265,0.0
2266,1.0
2267,0.0
2268,2.0
2269,2.0
2270,0.0
2271,0.0
2272,0.0
2273,1.0
2274,0.0
2275,1.0
2276,3.0
2277,3.0
2278,3.0
2279,0.0
2280,2.0
2281,1.0
2282,3.0
2283,0.0
2284,3.0
2285,3.0
2286,0.0
2287,1.0
2288,0.0
2289,1.0
2290,0.0
2291,2.0
2292,0.0
2293,1.0
2294,3.0
2295,1.0
2296,2.0
2297,3.0
2298,1.0
2299,2.0
2300,1.0
2301,1.0
2302,1.0
2303,0.0
2304,1.0
2305,2.0
2306,1.0
2307,3.0
2308,1.0
2309,1.0
2310,3.0
2311,1.0
2312,1.0
2313,2.0
2314,3.0
2315,2.0
2316,1.0
2317,2.0
2318,2.0
2319,0.0
2320,0.0
2321,1.0
2322,0.0
2323,2.0
2324,2.0
2325,0.0
2326,2.0
2327,3.0
2328,3.0
2329,0.0
2330,3.0
2331,2.0
2332,2.0
2333,1.0
2334,3.0
2335,3.0
2336,3.0
2337,1.0
2338,0.0
2339,2.0
2340,3.0
2341,2.0
2342,0.0
2343,1.0
2344,3.0
2345,0.0
2346,2.0
2347,0.0
2348,3.0
2349,2.0
2350,2.0
2351,0.0
2352,0.0
2353,3.0
2354,2.0
2355,0.0
2356,1.0
2357,0.0
2358,1.0
2359,3.0
2360,0.0
2361,3.0
2362,1.0
2363,0.0
2364,2.0
2365,1.0
2366,2.0
2367,2.0
2368,3.0
2369,2.0
2370,2.0
2371,3.0
2372,0.0
2373,3.0
2374,2.0
2375,1.0
2376,1.0
2377,2.0
2378,3.0
2379,0.0
2380,1.0
2381,3.0
2382,2.0
2383,0.0
2384,2.0
2385,0.0
2386,3.0
2387,3.0
2388,0.0
2389,2.0
2390,0.0
2391,1.0
2392,3.0
2393,2.0
2394,1.0
2395,2.0
2396,1.0
2397,3.0
2398,1.0
2399,1.0
2400,0.0
2401,0.0
2402,3.0
2403,3.0
2404,3.0
2405,0.0
2406,2.0
2407,3.0
2408,1.0
2409,3.0
2410,0.0
2411,2.0
2412,2.0
2413,1.0
2414,0.0
2415,1.0
2416,1.0
2417,1.0
2418,0.0
2419,3.0
2420,0.0
2421,1.0
2422,3.0
2423,0.0
2424,3.0
2425,0.0
2426,0.0
2427,2.0
2428,1.0
2429,2.0
2430,2.0
2431,0.0
2432,0.0
2433,0.0
2434,0.0
2435,3.0
2436,0.0
2437,0.0
2438,3.0
2439,0.0
2440,2.0
2441,1.0
2442,0.0
2443,2.0
2444,0.0
2445,0.0
2446,3.0
2447,1.0
2448,3.0
2449,3.0
2450,3.0
2451,1.0
2452,3.0
2453,3.0
2454,2.0
2455,3.0
2456,3.0
2457,1.0
2458,1.0
2459,3.0
2460,0.0
2461,3.0
2462,1.0
2463,2.0
2464,0.0
2465,3.0
2466,0.0
2467,3.0
2468,0.0
2469,0.0
2470,0.0
2471,3.0
2472,0.0
2473,2.0
2474,2.0
2475,0.0
2476,3.0
2477,0.0
2478,0.0
2479,3.0
2480,3.0
2481,1.0
2482,0.0
2483,3.0
2484,2.0
2485,0.0
2486,0.0
2487,0.0
2488,2.0
2489,2.0
2490,2.0
2491,2.0
2492,0.0
2493,1.0
2494,3.0
2495,2.0
2496,0.0
2497,2.0
2498,2.0
2499,3.0
2500,0.0
2501,3.0
2502,2.0
2503,2.0
2504,0.0
2505,1.0
2506,0.0
2507,0.0
2508,1.0
2509,2.0
2510,2.0
2511,3.0
2512,1.0
2513,3.0
2514,2.0
2515,3.0
2516,3.0
2517,3.0
2518,1.0
2519,2.0
2520,3.0
2521,2.0
2522,3.0
2523,1.0
2524,3.0
2525,1.0
2526,1.0
2527,3.0
2528,1.0
2529,2.0
2530,3.0
2531,1.0
2532,3.0
2533,1.0
2534,0.0
2535,0.0
2536,3.0
2537,2.0
2538,1.0
2539,1.0
2540,1.0
2541,1.0
2542,3.0
2543,2.0
2544,0.0
2545,3.0
2546,1.0
2547,3.0
2548,0.0
2549,3.0
2550,3.0
2551,0.0
2552,3.0
2553,1.0
2554,1.0
2555,0.0
2556,3.0
2557,3.0
2558,3.0
2559,0.0
2560,0.0
2561,2.0
2562,2.0
2563,1.0
2564,3.0
2565,3.0
2566,0.0
2567,0.0
2568,2.0
2569,3.0
2570,1.0
2571,3.0
2572,3.0
2573,0.0
2574,1.0
2575,0.0
2576,0.0
2577,2.0
2578,0.0
2579,1.0
2580,1.0
2581,0.0
2582,2.0
2583,1.0
2584,0.0
2585,3.0
2586,1.0
2587,1.0
2588,2.0
2589,0.0
2590,1.0
2591,2.0
2592,0.0
2593,0.0
2594,3.0
2595,2.0
2596,1.0
2597,2.0
2598,0.0
2599,2.0
2600,1.0
2601,0.0
2602,0.0
2603,0.0
2604,0.0
2605,3.0
2606,1.0
2607,3.0
2608,2.0
2609,2.0
2610,2.0
2611,0.0
2612,0.0
2613,2.0
2614,0.0
2615,0.0
2616,3.0
2617,0.0
2618,0.0
2619,0.0
2620,1.0
2621,2.0
2622,0.0
2623,3.0
2624,1.0
2625,3.0
2626,1.0
2627,3.0
2628,0.0
2629,1.0
2630,2.0
2631,3.0
2632,2.0
2633,0.0
2634,2.0
2635,2.0
2636,0.0
2637,2.0
2638,3.0
2639,2.0
2640,2.0
2641,2.0
2642,2.0
2643,3.0
2644,1.0
2645,1.0
2646,0.0
2647,1.0
2648,0.0
2649,0.0
2650,1.0
2651,1.0
2652,0.0
2653,1.0
2654,0.0
2655,0.0
2656,3.0
2657,2.0
2658,0.0
2659,3.0
2660,2.0
2661,2.0
2662,3.0
2663,1.0
2664,3.0
2665,3.0
2666,3.0
2667,2.0
2668,3.0
2669,0.0
2670,0.0
2671,2.0
2672,2.0
2673,0.0
2674,1.0
2675,2.0
2676,0.0
2677,1.0
2678,2.0
2679,0.0
2680,1.0
2681,2.0
2682,3.0
2683,1.0
2684,0.0
2685,0.0
2686,0.0
2687,0.0
2688,1.0
2689,1.0
2690,0.0
2691,1.0
2692,0.0
2693,1.0
2694,2.0
2695,0.0
2696,0.0
2697,2.0
2698,0.0
2699,0.0
2700,3.0
2701,3.0
2702,0.0
2703,1.0
2704,2.0
2705,0.0
2706,0.0
2707,2.0
2708,1.0
2709,2.0
2710,1.0
2711,3.0
2712,2.0
2713,2.0
2714,1.0
2715,0.0
2716,3.0
2717,3.0
2718,3.0
2719,3.0
2720,0.0
2721,2.0
2722,2.0
2723,1.0
2724,3.0
2725,3.0
2726,1.0
2727,3.0
2728,0.0
2729,0.0
2730,3.0
2731,3.0
2732,2.0
2733,1.0
2734,2.0
2735,0.0
2736,2.0
2737,3.0
2738,1.0
2739,3.0
2740,1.0
2741,1.0
2742,1.0
2743,3.0
2744,0.0
2745,3.0
2746,0.0
2747,1.0
2748,1.0
2749,1.0
2750,0.0
2751,2.0
2752,3.0
2753,3.0
2754,2.0
2755,1.0
2756,2.0
2757,3.0
2758,1.0
2759,0.0
2760,3.0
2761,2.0
2762,2.0
2763,1.0
2764,2.0
2765,0.0
2766,0.0
2767,1.0
2768,1.0
2769,2.0
2770,1.0
2771,0.0
2772,2.0
2773,1.0
2774,0.0
2775,2.0
2776,3.0
2777,0.0
2778,2.0
2779,0.0
2780,0.0
2781,2.0
2782,1.0
2783,2.0
2784,1.0
2785,0.0
2786,2.0
2787,3.0
2788,2.0
2789,3.0
2790,3.0
2791,1.0
2792,3.0
2793,1.0
2794,1.0
2795,0.0
2796,3.0
2797,3.0
2798,3.0
2799,3.0
2800,1.0
2801,3.0
2802,1.0
2803,2.0
2804,1.0
2805,3.0
2806,3.0
2807,2.0
2808,3.0
2809,3.0
2810,2.0
2811,3.0
2812,0.0
2813,3.0
2814,1.0
2815,3.0
2816,2.0
2817,3.0
2818,3.0
2819,2.0
2820,2.0
2821,2.0
2822,3.0
2823,1.0
2824,2.0
2825,1.0
2826,2.0
2827,0.0
2828,2.0
2829,3.0
2830,2.0
2831,0.0
2832,0.0
2833,0.0
2834,2.0
2835,3.0
2836,3.0
2837,2.0
2838,3.0
2839,3.0
2840,2.0
2841,0.0
2842,2.0
2843,3.0
2844,2.0
2845,2.0
2846,1.0
2847,1.0
2848,0.0
2849,3.0
2850,2.0
2851,0.0
2852,0.0
2853,2.0
2854,0.0
2855,0.0
2856,1.0
2857,1.0
2858,2.0
2859,2.0
2860,3.0
2861,0.0
2862,3.0
2863,3.0
2864,1.0
2865,2.0
2866,3.0
2867,0.0
2868,1.0
2869,1.0
2870,1.0
2871,1.0
2872,0.0
2873,1.0
2874,0.0
2875,2.0
2876,1.0
2877,2.0
2878,2.0
2879,3.0
2880,2.0
2881,3.0
2882,2.0
2883,2.0
2884,3.0
2885,1.0
2886,3.0
2887,2.0
2888,2.0
2889,1.0
2890,1.0
2891,1.0
2892,0.0
2893,2.0
2894,2.0
2895,0.0
2896,0.0
2897,2.0
2898,3.0
2899,0.0
2900,2.0
2901,1.0
2902,3.0
2903,0.0
2904,1.0
2905,3.0
2906,0.0
2907,2.0
2908,3.0
2909,0.0
2910,2.0
2911,3.0
2912,3.0
2913,1.0
2914,3.0
2915,3.0
2916,1.0
2917,3.0
2918,2.0
2919,3.0
2920,3.0
2921,0.0
2922,2.0
2923,0.0
2924,2.0
2925,3.0
2926,3.0
2927,2.0
2928,1.0
2929,2.0
2930,3.0
2931,0.0
2932,1.0
2933,2.0
2934,0.0
2935,3.0
2936,3.0
2937,1.0
2938,1.0
2939,2.0
2940,0.0
2941,3.0
2942,3.0
2943,2.0
2944,3.0
2945,0.0
2946,3.0
2947,3.0
2948,2.0
2949,0.0
2950,2.0
2951,3.0
2952,1.0
2953,0.0
2954,1.0
2955,1.0
2956,1.0
2957,0.0
2958,1.0
2959,3.0
2960,1.0
2961,1.0
2962,1.0
2963,2.0
2964,0.0
2965,0.0
2966,3.0
2967,3.0
2968,1.0
2969,2.0
2970,3.0
2971,0.0
2972,0.0
2973,2.0
2974,3.0
2975,3.0
2976,0.0
2977,1.0
2978,2.0
2979,1.0
2980,1.0
2981,1.0
2982,1.0
2983,0.0
2984,1.0
2985,2.0
2986,3.0
2987,2.0
2988,1.0
2989,2.0
2990,1.0
2991,2.0
2992,3.0
2993,3.0
2994,2.0
2995,1.0
2996,2.0
2997,1.0
2998,1.0
2999,1.0
3000,1.0
3001,2.0
3002,0.0
3003,2.0
3004,2.0
3005,0.0
3006,1.0
3007,2.0
3008,1.0
3009,0.0
3010,0.0
3011,1.0
3012,3.0
3013,1.0
3014,3.0
3015,0.0
3016,1.0
3017,0.0
3018,1.0
3019,2.0
3020,0.0
3021,0.0
3022,1.0
3023,3.0
3024,0.0
3025,2.0
3026,2.0
3027,0.0
3028,2.0
3029,1.0
3030,2.0
3031,1.0
3032,2.0
3033,1.0
3034,3.0
3035,0.0
3036,3.0
3037,0.0
3038,0.0
3039,2.0
3040,1.0
3041,3.0
3042,2.0
3043,1.0
3044,0.0
3045,3.0
3046,2.0
3047,2.0
3048,1.0
3049,0.0
3050,2.0
3051,0.0
3052,2.0
3053,0.0
3054,0.0
3055,2.0
3056,1.0
3057,3.0
3058,1.0
3059,0.0
3060,3.0
3061,3.0
3062,0.0
3063,2.0
3064,1.0
3065,0.0
3066,2.0
3067,0.0
3068,3.0
3069,2.0
3070,1.0
3071,3.0
3072,0.0
3073,1.0
3074,2.0
3075,3.0
3076,2.0
3077,2.0
3078,3.0
3079,0.0
3080,2.0
3081,0.0
3082,1.0
3083,1.0
3084,3.0
3085,2.0
3086,0.0
3087,2.0
3088,2.0
3089,0.0
3090,1.0
3091,2.0
3092,1.0
3093,2.0
3094,0.0
3095,1.0
3096,2.0
3097,0.0
3098,0.0
3099,2.0
3100,0.0
3101,2.0
3102,2.0
3103,0.0
3104,1.0
3105,2.0
3106,2.0
3107,2.0
3108,2.0
3109,1.0
3110,2.0
3111,0.0
3112,1.0
3113,1.0
3114,1.0
3115,0.0
3116,0.0
3117,0.0
3118,0.0
3119,1.0
3120,0.0
3121,3.0
3122,0.0
3123,1.0
3124,0.0
3125,2.0
3126,0.0
3127,0.0
3128,1.0
3129,2.0
3130,2.0
3131,3.0
3132,0.0
3133,0.0
3134,2.0
3135,0.0
3136,3.0
3137,0.0
3138,2.0
3139,2.0
3140,1.0
3141,2.0
3142,0.0
3143,2.0
3144,1.0
3145,3.0
3146,0.0
3147,0.0
3148,3.0
3149,3.0
3150,1.0
3151,1.0
3152,3.0
3153,0.0
3154,1.0
3155,3.0
3156,3.0
3157,3.0
3158,3.0
3159,3.0
3160,2.0
3161,3.0
3162,2.0
3163,1.0
3164,3.0
3165,3.0
3166,2.0
3167,2.0
3168,3.0
3169,2.0
3170,0.0
3171,2.0
3172,2.0
3173,2.0
3174,3.0
3175,0.0
3176,1.0
3177,3.0
3178,2.0
3179,2.0
3180,2.0
3181,2.0
3182,1.0
3183,2.0
3184,1.0
3185,1.0
3186,0.0
3187,1.0
3188,3.0
3189,3.0
3190,2.0
3191,0.0
3192,1.0
3193,1.0
3194,3.0
3195,0.0
3196,1.0
3197,2.0
3198,0.0
3199,3.0
3200,0.0
3201,1.0
3202,2.0
3203,0.0
3204,1.0
3205,3.0
3206,3.0
3207,2.0
3208,3.0
3209,0.0
3210,2.0
3211,2.0
3212,2.0
3213,0.0
3214,1.0
3215,1.0
3216,2.0
3217,2.0
3218,2.0
3219,0.0
3220,0.0
3221,2.0
3222,2.0
3223,3.0
3224,2.0
3225,3.0
3226,2.0
3227,3.0
3228,3.0
3229,3.0
3230,2.0
3231,0.0
3232,3.0
3233,3.0
3234,3.0
3235,0.0
3236,3.0
3237,1.0
3238,3.0
3239,3.0
3240,3.0
3241,0.0
3242,3.0
3243,3.0
3244,1.0
3245,3.0
3246,0.0
3247,1.0
3248,0.0
3249,3.0
3250,3.0
3251,2.0
3252,2.0
3253,1.0
3254,2.0
3255,2.0
3256,0.0
3257,3.0
3258,1.0
3259,2.0
3260,1.0
3261,1.0
3262,2.0
3263,2.0
3264,0.0
3265,2.0
3266,1.0
3267,0.0
3268,0.0
3269,0.0
3270,3.0
3271,3.0
3272,3.0
3273,3.0
3274,1.0
3275,2.0
3276,3.0
3277,2.0
3278,3.0
3279,2.0
3280,0.0
3281,3.0
3282,3.0
3283,1.0
3284,1.0
3285,0.0
3286,1.0
3287,3.0
3288,2.0
3289,0.0
3290,2.0
3291,0.0
3292,3.0
3293,2.0
3294,0.0
3295,0.0
3296,3.0
3297,1.0
3298,1.0
3299,0.0
3300,0.0
3301,3.0
3302,3.0
3303,2.0
3304,0.0
3305,1.0
3306,0.0
3307,3.0
3308,2.0
3309,2.0
3310,2.0
3311,3.0
3312,0.0
3313,2.0
3314,1.0
3315,1.0
3316,2.0
3317,0.0
3318,0.0
3319,1.0
3320,1.0
3321,0.0
3322,3.0
3323,1.0
3324,1.0
3325,1.0
3326,2.0
3327,1.0
3328,3.0
3329,0.0
3330,3.0
3331,2.0
3332,2.0
3333,0.0
3334,3.0
3335,0.0
3336,2.0
3337,3.0
3338,1.0
3339,3.0
3340,3.0
3341,1.0
3342,0.0
3343,2.0
3344,2.0
3345,2.0
3346,1.0
3347,2.0
3348,2.0
3349,2.0
3350,2.0
3351,2.0
3352,0.0
3353,2.0
3354,3.0
3355,0.0
3356,2.0
3357,2.0
3358,3.0
3359,1.0
3360,1.0
3361,0.0
3362,2.0
3363,2.0
3364,1.0
3365,3.0
3366,3.0
3367,3.0
3368,0.0
3369,2.0
3370,2.0
3371,0.0
3372,1.0
3373,2.0
3374,3.0
3375,2.0
3376,1.0
3377,2.0
3378,1.0
3379,1.0
3380,3.0
3381,1.0
3382,0.0
3383,0.0
3384,2.0
3385,1.0
3386,3.0
3387,1.0
3388,1.0
3389,0.0
3390,2.0
3391,1.0
3392,1.0
3393,3.0
3394,3.0
3395,1.0
3396,2.0
3397,1.0
3398,2.0
3399,3.0
3400,1.0
3401,0.0
3402,0.0
3403,2.0
3404,3.0
3405,3.0
3406,3.0
3407,1.0
3408,2.0
3409,1.0
3410,2.0
3411,2.0
3412,1.0
3413,0.0
3414,3.0
3415,1.0
3416,0.0
3417,3.0
3418,0.0
3419,0.0
3420,3.0
3421,2.0
3422,2.0
3423,2.0
3424,1.0
3425,3.0
3426,0.0
3427,3.0
3428,0.0
3429,3.0
3430,3.0
3431,3.0
3432,3.0
3433,2.0
3434,2.0
3435,3.0
3436,3.0
3437,1.0
3438,3.0
3439,3.0
3440,3.0
3441,3.0
3442,3.0
3443,2.0
3444,3.0
3445,3.0
3446,2.0
3447,3.0
3448,3.0
3449,3.0
3450,3.0
3451,2.0
3452,2.0
3453,3.0
3454,3.0
3455,0.0
3456,1.0
3457,3.0
3458,1.0
3459,2.0
3460,3.0
3461,1.0
3462,0.0
3463,2.0
3464,2.0
3465,1.0
3466,2.0
3467,0.0
3468,3.0
3469,0.0
3470,2.0
3471,3.0
3472,2.0
3473,1.0
3474,2.0
3475,0.0
3476,3.0
3477,2.0
3478,0.0
3479,3.0
3480,2.0
3481,0.0
3482,2.0
3483,0.0
3484,3.0
3485,3.0
3486,1.0
3487,2.0
3488,1.0
3489,1.0
3490,3.0
3491,1.0
3492,2.0
3493,3.0
3494,0.0
3495,0.0
3496,1.0
3497,1.0
3498,0.0
3499,1.0
3500,2.0
3501,2.0
3502,0.0
3503,3.0
3504,2.0
3505,0.0
3506,0.0
3507,0.0
3508,2.0
3509,0.0
3510,3.0
3511,3.0
3512,3.0
3513,0.0
3514,2.0
3515,0.0
3516,3.0
3517,0.0
3518,2.0
3519,3.0
3520,1.0
3521,1.0
3522,0.0
3523,0.0
3524,2.0
3525,0.0
3526,3.0
3527,2.0
3528,2.0
3529,3.0
3530,1.0
3531,3.0
3532,3.0
3533,1.0
3534,0.0
3535,3.0
3536,0.0
3537,1.0
3538,3.0
3539,0.0
3540,2.0
3541,3.0
3542,0.0
3543,3.0
3544,1.0
3545,0.0
3546,0.0
3547,3.0
3548,3.0
3549,1.0
3550,3.0
3551,1.0
3552,3.0
3553,0.0
3554,2.0
3555,2.0
3556,2.0
3557,1.0
3558,2.0
3559,1.0
3560,0.0
3561,2.0
3562,3.0
3563,0.0
3564,2.0
3565,2.0
3566,0.0
3567,3.0
3568,2.0
3569,0.0
3570,3.0
3571,3.0
3572,0.0
3573,3.0
3574,2.0
3575,3.0
3576,3.0
3577,3.0
3578,0.0
3579,2.0
3580,0.0
3581,1.0
3582,2.0
3583,1.0
3584,3.0
3585,2.0
3586,1.0
3587,0.0
3588,1.0
3589,3.0
3590,1.0
3591,2.0
3592,0.0
3593,1.0
3594,0.0
3595,0.0
3596,3.0
3597,3.0
3598,0.0
3599,3.0
3600,1.0
3601,1.0
3602,3.0
3603,0.0
3604,0.0
3605,2.0
3606,2.0
3607,1.0
3608,0.0
3609,0.0
3610,2.0
3611,1.0
3612,0.0
3613,1.0
3614,2.0
3615,2.0
3616,2.0
3617,0.0
3618,2.0
3619,2.0
3620,2.0
3621,2.0
3622,3.0
3623,2.0
3624,3.0
3625,0.0
3626,1.0
3627,2.0
3628,2.0
3629,2.0
3630,0.0
3631,3.0
3632,0.0
3633,1.0
3634,1.0
3635,3.0
3636,1.0
3637,2.0
3638,3.0
3639,1.0
3640,2.0
3641,1.0
3642,0.0
3643,2.0
3644,0.0
3645,1.0
3646,2.0
3647,2.0
3648,3.0
3649,1.0
3650,2.0
3651,0.0
3652,0.0
3653,1.0
3654,1.0
3655,0.0
3656,0.0
3657,3.0
3658,2.0
3659,1.0
3660,0.0
3661,3.0
3662,3.0
3663,0.0
3664,1.0
3665,0.0
3666,0.0
3667,0.0
3668,2.0
3669,0.0
3670,0.0
3671,0.0
3672,0.0
3673,3.0
3674,3.0
3675,3.0
3676,2.0
3677,1.0
3678,1.0
3679,3.0
3680,2.0
3681,2.0
3682,0.0
3683,1.0
3684,3.0
3685,0.0
3686,0.0
3687,0.0
3688,3.0
3689,0.0
3690,3.0
3691,0.0
3692,1.0
3693,1.0
3694,2.0
3695,1.0
3696,2.0
3697,3.0
3698,3.0
3699,3.0
3700,3.0
3701,3.0
3702,1.0
3703,2.0
3704,3.0
3705,0.0
3706,3.0
3707,1.0
3708,3.0
3709,2.0
3710,2.0
3711,3.0
3712,1.0
3713,1.0
3714,3.0
3715,2.0
3716,3.0
3717,0.0
3718,0.0
3719,3.0
3720,3.0
3721,2.0
3722,3.0
3723,3.0
3724,0.0
3725,1.0
3726,3.0
3727,2.0
3728,3.0
3729,2.0
3730,1.0
3731,1.0
3732,3.0
3733,2.0
3734,3.0
3735,1.0
3736,0.0
3737,3.0
3738,3.0
3739,3.0
3740,2.0
3741,2.0
3742,0.0
3743,3.0
3744,0.0
3745,3.0
3746,0.0
3747,2.0
3748,2.0
3749,3.0
3750,3.0
3751,1.0
3752,0.0
3753,3.0
3754,2.0
3755,0.0
3756,1.0
3757,2.0
3758,2.0
3759,0.0
3760,0.0
3761,3.0
3762,0.0
3763,2.0
3764,1.0
3765,0.0
3766,2.0
3767,2.0
3768,0.0
3769,2.0
3770,3.0
3771,0.0
3772,1.0
3773,1.0
3774,1.0
3775,2.0
3776,3.0
3777,0.0
3778,2.0
3779,0.0
3780,2.0
3781,0.0
3782,3.0
3783,2.0
3784,3.0
3785,2.0
3786,1.0
3787,1.0
3788,3.0
3789,2.0
3790,1.0
3791,0.0
3792,1.0
3793,0.0
3794,3.0
3795,1.0
3796,2.0
3797,2.0
3798,1.0
3799,1.0
3800,1.0
3801,3.0
3802,3.0
3803,0.0
3804,1.0
3805,1.0
3806,0.0
3807,2.0
3808,0.0
3809,0.0
3810,0.0
3811,3.0
3812,3.0
3813,3.0
3814,2.0
3815,1.0
3816,3.0
3817,3.0
3818,2.0
3819,2.0
3820,2.0
3821,1.0
3822,2.0
3823,3.0
3824,2.0
3825,3.0
3826,0.0
3827,3.0
3828,3.0
3829,1.0
3830,3.0
3831,3.0
3832,3.0
3833,1.0
3834,3.0
3835,2.0
3836,0.0
3837,1.0
3838,2.0
3839,3.0
3840,0.0
3841,3.0
3842,0.0
3843,0.0
3844,0.0
3845,2.0
3846,1.0
3847,2.0
3848,0.0
3849,0.0
3850,0.0
3851,0.0
3852,0.0
3853,0.0
3854,3.0
3855,0.0
3856,0.0
3857,0.0
3858,0.0
3859,0.0
3860,2.0
3861,3.0
3862,2.0
3863,1.0
3864,1.0
3865,3.0
3866,3.0
3867,2.0
3868,2.0
3869,2.0
3870,3.0
3871,3.0
3872,2.0
3873,1.0
3874,0.0
3875,3.0
3876,2.0
3877,3.0
3878,3.0
3879,3.0
3880,3.0
3881,2.0
3882,1.0
3883,3.0
3884,3.0
3885,1.0
3886,3.0
3887,3.0
3888,2.0
3889,1.0
3890,3.0
3891,3.0
3892,3.0
3893,1.0
3894,3.0
3895,1.0
3896,2.0
3897,0.0
3898,3.0
3899,1.0
3900,0.0
3901,1.0
3902,1.0
3903,3.0
3904,0.0
3905,2.0
3906,3.0
3907,0.0
3908,2.0
3909,2.0
3910,2.0
3911,3.0
3912,0.0
3913,3.0
3914,3.0
3915,0.0
3916,3.0
3917,0.0
3918,3.0
3919,0.0
3920,2.0
3921,0.0
3922,1.0
3923,2.0
3924,2.0
3925,0.0
3926,1.0
3927,1.0
3928,3.0
3929,0.0
3930,0.0
3931,3.0
3932,2.0
3933,1.0
3934,2.0
3935,3.0
3936,3.0
3937,3.0
3938,1.0
3939,0.0
3940,3.0
3941,2.0
3942,1.0
3943,0.0
3944,2.0
3945,1.0
3946,3.0
3947,0.0
3948,0.0
3949,0.0
3950,0.0
3951,0.0
3952,2.0
3953,2.0
3954,0.0
3955,1.0
3956,1.0
3957,1.0
3958,0.0
3959,0.0
3960,0.0
3961,0.0
3962,0.0
3963,0.0
3964,0.0
3965,1.0
3966,3.0
3967,0.0
3968,0.0
3969,0.0
3970,0.0
3971,1.0
3972,1.0
3973,2.0
3974,3.0
3975,3.0
3976,0.0
3977,2.0
3978,0.0
3979,2.0
3980,2.0
3981,1.0
3982,0.0
3983,3.0
3984,3.0
3985,0.0
3986,3.0
3987,3.0
3988,0.0
3989,3.0
3990,2.0
3991,3.0
3992,3.0
3993,0.0
3994,1.0
3995,3.0
3996,1.0
3997,3.0
3998,1.0
3999,3.0
