,popularity,revenue,vote_average
4000,11.552247,0.0,7.1
4001,1.73892,0.0,5.3
4002,0.8959459999999999,3166000.0,7.6
4003,19.02965,553198.0,7.0
4004,0.406645,0.0,7.4
4005,3.6875739999999997,0.0,5.2
4006,36.556954,7200000.0,7.8
4007,0.545825,0.0,7.1
4008,18.661541,60141683.0,5.4
4009,0.973582,33400000.0,4.6
4010,14.885388,34585416.0,6.8
4011,12.030456,14400000.0,5.0
4012,18.30961,12348905.0,6.3
4013,6.82919,10000000.0,7.5
4014,9.799357,32230907.0,7.1
4015,10.363642,0.0,7.1
4016,30.583959000000004,26781723.0,7.1
4017,23.672570999999998,5535405.0,7.7
4018,0.20503400000000002,0.0,6.9
4019,5.581743,0.0,6.7
4020,2.4872549999999998,0.0,6.8
4021,0.262135,0.0,5.2
4022,23.419061,3325038.0,6.8
4023,7.958831,9726954.0,7.2
4024,25.722747000000002,6854611.0,6.8
4025,9.774125999999999,0.0,7.2
4026,0.197469,0.0,7.0
4027,0.142255,0.0,7.0
4028,0.30188400000000004,71904.0,7.1
4029,0.424957,0.0,5.5
4030,3.393648,0.0,6.1
4031,5.025938,0.0,6.1
4032,4.624691,107559.0,6.0
4033,12.204569000000001,324138.0,6.6
4034,0.6302260000000001,0.0,5.0
4035,4.2704889999999995,0.0,4.9
4036,3.674294,0.0,4.8
4037,4.623059,5731103.0,7.0
4038,1.9467150000000002,0.0,4.8
4039,27.940093,495303.0,6.3
4040,1.7595060000000002,0.0,4.5
4041,8.395624,8176544.0,7.4
4042,8.248149,0.0,3.1
4043,0.628051,6892000.0,7.0
4044,0.500753,0.0,4.6
4045,0.376662,565592.0,10.0
4046,1.606314,11000000.0,6.9
4047,0.19726400000000002,0.0,4.7
4048,5.759493,0.0,5.6
4049,6.86302,0.0,6.7
4050,32.875469,83320000.0,7.2
4051,0.015295,0.0,0.0
4052,14.206525,36690067.0,5.7
4053,12.639469,21930418.0,5.1
4054,2.371477,0.0,6.2
4055,2.470443,0.0,6.6
4056,1.532518,0.0,5.7
4057,0.1813,9132000.0,5.8
4058,2.713171,0.0,5.6
4059,0.258413,0.0,3.5
4060,2.0257009999999998,0.0,5.4
4061,2.6598040000000003,0.0,5.7
4062,8.38717,23650000.0,7.6
4063,6.677092999999999,480811.0,6.7
4064,2.5263560000000003,0.0,7.0
4065,0.039007,3330.0,0.0
4066,31.691616999999997,30448000.0,7.1
4067,0.47908999999999996,0.0,4.5
4068,0.027801,0.0,0.0
4069,2.122451,0.0,5.1
4070,0.803761,0.0,4.1
4071,41.298722999999995,78898765.0,6.9
4072,1.7913310000000002,0.0,5.3
4073,10.664202000000001,18344729.0,7.0
4074,100.87679399999999,14674076.0,6.6
4075,13.223111,18016290.0,6.6
4076,22.139842,13129846.0,8.0
4077,37.117362,24600832.0,7.3
4078,15.046612,0.0,7.2
4079,15.557144000000001,11540607.0,7.2
4080,11.666319999999999,13101672.0,5.2
4081,34.938177,70000000.0,7.9
4082,5.961119,34522221.0,6.8
4083,17.639478,7600000.0,7.6
4084,1.867004,9172000.0,6.5
4085,13.944645000000001,1477676.0,7.3
4086,2.304552,0.0,6.6
4087,7.792851,6003587.0,7.1
4088,14.799323000000001,15992615.0,7.6
4089,23.281616,20908467.0,7.6
4090,20.331592999999998,4601043.0,6.7
4091,5.381536,7800000.0,6.8
4092,20.834882999999998,13831503.0,6.8
4093,14.045886999999999,13885802.0,7.6
4094,0.48397399999999996,4000000.0,4.8
4095,9.719094,0.0,7.0
4096,16.930914,7871522.0,7.7
4097,28.819423999999998,11122090.0,6.3
4098,18.223139,0.0,7.2
4099,12.999023,5967038.0,6.3
4100,6.7288820000000005,2801508.0,5.6
4101,1.9568599999999998,2506446.0,4.8
4102,7.151153999999999,0.0,5.9
4103,14.846001000000001,5179037.0,6.3
4104,14.082510000000001,11125849.0,7.8
4105,0.031947,1672730.0,5.0
4106,2.2837959999999997,1431623.0,7.2
4107,18.224326,1477002.0,6.8
4108,3.4315900000000004,0.0,7.6
4109,4.749885,876302.0,6.5
4110,3.9800720000000003,653621.0,6.8
4111,1.096355,0.0,7.1
4112,1.196943,0.0,5.6
4113,3.125382,563706.0,4.6
4114,5.261065,390659.0,6.3
4115,6.3377349999999995,0.0,6.1
4116,7.359286,0.0,5.2
4117,1.8921830000000002,124494.0,5.8
4118,0.001186,0.0,0.0
4119,3.9114449999999996,120620.0,7.1
4120,2.559806,111731.0,5.9
4121,0.744406,0.0,6.3
4122,5.16023,187674.0,5.2
4123,0.25359499999999996,1100000.0,6.7
4124,0.046868,0.0,5.0
4125,2.952932,0.0,5.6
4126,5.563068,0.0,5.5
4127,1.1610340000000001,0.0,6.4
4128,7.502934,54207.0,5.9
4129,5.350423,0.0,6.1
4130,4.261508999999999,622806.0,6.3
4131,6.752141,0.0,6.0
4132,20.362373,3983997.0,6.7
4133,5.099368,0.0,5.4
4134,6.632891000000001,0.0,5.3
4135,1.7173759999999998,0.0,6.8
4136,4.922397,0.0,6.9
4137,13.222268,0.0,6.1
4138,7.4477139999999995,95000.0,5.5
4139,9.68793,0.0,5.2
4140,0.050625,0.0,0.0
4141,5.941852,11833696.0,6.7
4142,0.174311,0.0,3.5
4143,0.361554,0.0,5.8
4144,8.055083999999999,0.0,7.2
4145,4.346271,0.0,4.4
4146,3.419685,0.0,5.6
4147,5.100741,0.0,5.7
4148,2.253589,0.0,6.7
4149,0.209475,0.0,6.6
4150,3.613577,0.0,5.3
4151,1.296784,0.0,6.3
4152,4.508290000000001,0.0,5.2
4153,8.902102000000001,0.0,6.1
4154,1.619635,0.0,5.9
4155,1.002585,0.0,3.9
4156,1.332804,0.0,4.2
4157,2.00163,0.0,4.4
4158,1.187764,0.0,4.4
4159,6.463806,0.0,6.7
4160,1.9802650000000002,0.0,6.7
4161,3.6961230000000005,0.0,5.8
4162,32.841229,19152480.0,6.6
4163,8.518866000000001,864659.0,7.4
4164,4.892203,0.0,7.8
4165,4.665026,0.0,5.8
4166,1.294967,222000.0,5.6
4167,14.331992000000001,2957978.0,7.5
4168,3.068463,0.0,5.8
4169,1.367751,0.0,6.9
4170,14.838985999999998,67738090.0,5.6
4171,1.950959,0.0,7.2
4172,14.884756,8000000.0,7.6
4173,41.996783,9440272.0,8.0
4174,2.1794279999999997,0.0,6.2
4175,12.471239,21107746.0,6.8
4176,13.315382999999999,8844595.0,5.5
4177,3.363321,0.0,5.6
4178,1.6991009999999998,841733.0,5.3
4179,0.320387,0.0,6.7
4180,0.692497,621951.0,6.4
4181,0.023436000000000002,0.0,5.5
4182,0.749699,0.0,6.8
4183,11.756943,6800000.0,6.7
4184,0.225627,0.0,6.9
4185,6.833164,0.0,5.3
4186,0.060127,0.0,0.0
4187,1.9594049999999998,0.0,4.2
4188,0.21544000000000002,0.0,5.0
4189,27.36562,7267585.0,7.2
4190,8.650779,150277.0,6.3
4191,2.492747,0.0,4.9
4192,2.7564349999999997,23311391.0,7.0
4193,18.828682999999998,9700000.0,6.1
4194,6.9796380000000005,0.0,6.4
4195,26.281839,572809.0,6.3
4196,2.079125,1943649.0,5.5
4197,3.939753,0.0,6.0
4198,14.017809,4235151.0,7.3
4199,3.677831,0.0,5.9
4200,3.426314,7433101.0,7.2
4201,6.915201,30500000.0,7.2
4202,8.535178,5400000.0,7.1
4203,2.160586,0.0,6.0
4204,0.796009,6033999.0,6.3
4205,0.13455999999999999,2592808.0,4.3
4206,4.554574,0.0,6.8
4207,3.215465,0.0,4.6
4208,1.4943600000000001,0.0,7.6
4209,20.810292,4420000.0,7.5
4210,0.122704,0.0,0.0
4211,3.654018,0.0,6.7
4212,3.313339,0.0,6.5
4213,5.379319000000001,0.0,4.4
4214,9.672989999999999,22179430.0,6.7
4215,17.49699,11806119.0,6.6
4216,12.2624,9600000.0,7.9
4217,13.291991000000001,7412216.0,6.8
4218,13.788054,11098131.0,6.9
4219,3.990215,10013424.0,5.9
4220,6.526587999999999,0.0,4.5
4221,11.145914999999999,7000000.0,7.3
4222,5.446832,0.0,6.5
4223,10.009994,2375097.0,7.1
4224,58.594852,97009150.0,6.8
4225,11.353439999999999,2300000.0,6.7
4226,8.589355,0.0,7.4
4227,2.828303,0.0,6.5
4228,3.618646,712294.0,6.5
4229,15.017068,3566225.0,5.5
4230,5.817519,418961.0,6.1
4231,9.856826,416925.0,6.8
4232,4.262373999999999,414404.0,6.5
4233,0.061239999999999996,0.0,3.0
4234,11.064228,373967.0,6.2
4235,1.7423830000000002,0.0,5.7
4236,0.414754,330048.0,4.5
4237,12.677016,0.0,5.7
4238,28.27648,8500000.0,8.1
4239,0.87066,0.0,6.4
4240,7.5591,173066.0,5.9
4241,2.0281700000000003,0.0,3.5
4242,0.8590139999999999,0.0,6.6
4243,0.071377,0.0,6.0
4244,0.193172,0.0,6.0
4245,4.680206,32000.0,6.6
4246,1.20173,0.0,6.8
4247,0.094105,0.0,10.0
4248,14.504326,1165882.0,5.1
4249,10.322858,0.0,6.5
4250,1.404175,0.0,6.9
4251,0.077876,0.0,6.8
4252,0.35819,0.0,6.0
4253,9.159265,0.0,6.4
4254,1.8936970000000002,1500000.0,2.6
4255,0.71087,0.0,7.4
4256,1.105357,0.0,4.2
4257,2.815228,0.0,3.3
4258,0.446858,0.0,7.5
4259,80.171283,184925486.0,6.9
4260,0.6848810000000001,0.0,6.8
4261,3.598457,2620000.0,5.4
4262,1.452152,0.0,5.9
4263,1.193219,0.0,5.3
4264,8.039223,0.0,5.2
4265,2.486992,0.0,6.2
4266,0.43049,0.0,0.0
4267,9.815394,0.0,6.1
4268,16.032594,3897569.0,7.5
4269,0.592821,0.0,0.0
4270,10.240917,0.0,7.7
4271,3.443916,0.0,6.7
4272,0.07206599999999999,639000.0,5.0
4273,0.430758,619042.0,6.5
4274,0.143784,1632.0,6.1
4275,0.077873,0.0,0.0
4276,0.319792,0.0,2.8
4277,1.600797,0.0,5.9
4278,0.28513099999999997,0.0,2.3
4279,5.628399,0.0,3.2
4280,5.065752,0.0,5.0
4281,18.426825,6000000.0,7.7
4282,16.517777,21722776.0,6.0
4283,6.903314,11000000.0,7.4
4284,4.45544,3412497.0,5.3
4285,0.106949,0.0,5.9
4286,0.165909,0.0,5.8
4287,9.903992,8500000.0,6.7
4288,7.700189999999999,6000000.0,6.8
4289,4.480579,0.0,4.1
4290,10.869492,0.0,6.7
4291,63.655972999999996,103911669.0,7.2
4292,16.312803,18492362.0,6.6
4293,0.025363999999999998,0.0,0.0
4294,1.4734049999999999,0.0,5.7
4295,8.109958,0.0,6.8
4296,7.142448,0.0,6.8
4297,6.920872999999999,7000000.0,6.9
4298,4.826908,0.0,6.5
4299,3.085411,2861020.0,6.3
4300,66.925866,14661007.0,8.0
4301,1.280733,0.0,6.4
4302,88.377076,6000000.0,8.1
4303,9.683622,0.0,7.8
4304,1.6116,0.0,5.8
4305,0.002386,0.0,0.0
4306,0.097913,25000.0,6.8
4307,0.047781,0.0,0.0
4308,20.422245999999998,0.0,4.1
4309,0.021678,0.0,0.0
4310,1.998557,0.0,6.0
4311,8.148187,0.0,3.9
4312,2.968235,2736000.0,6.8
4313,1.36514,0.0,4.4
4314,0.057564,0.0,4.8
4315,8.001156,2850263.0,6.1
4316,1.079125,0.0,6.7
4317,1.906151,0.0,4.2
4318,0.100533,0.0,2.0
4319,10.230583,18637690.0,6.2
4320,12.818441,0.0,7.2
4321,1.220072,1400000.0,6.8
4322,0.014406,0.0,5.0
4323,0.552361,0.0,6.9
4324,0.147886,0.0,6.0
4325,7.717237,0.0,5.7
4326,40.285095,4105187.0,7.3
4327,0.249457,0.0,3.1
4328,0.447166,0.0,4.4
4329,43.729123,10462500.0,7.9
4330,4.653047,0.0,6.1
4331,3.000435,0.0,7.0
4332,11.095414,0.0,6.3
4333,72.19808,117235147.0,7.5
4334,0.926084,0.0,4.1
4335,2.833166,37600000.0,6.1
4336,41.972328999999995,62882090.0,5.5
4337,58.845025,28262574.0,8.0
4338,6.5328550000000005,17985893.0,6.4
4339,48.901542,59600000.0,6.9
4340,20.649145,18112929.0,4.9
4341,22.583834,14564027.0,6.9
4342,6.96858,23507567.0,5.7
4343,6.926926,10047674.0,5.6
4344,3.322721,10037390.0,5.9
4345,26.881611,16566240.0,6.9
4346,9.773398,13350369.0,6.9
4347,13.152822,101758490.0,4.6
4348,4.289003,40000000.0,6.6
4349,1.444258,9000000.0,5.5
4350,14.139004000000002,46243000.0,6.7
4351,3.8510000000000004,7800000.0,6.2
4352,2.162522,0.0,7.2
4353,17.845160999999997,6833445.0,5.0
4354,0.42583000000000004,0.0,7.5
4355,9.115486,9138338.0,6.6
4356,15.017161999999999,0.0,7.4
4357,1.86221,5355847.0,6.8
4358,1.334481,0.0,6.0
4359,15.699363,5284309.0,6.7
4360,17.806082,3538446.0,6.7
4361,10.12895,3123963.0,6.7
4362,4.805651,0.0,6.7
4363,5.247955999999999,0.0,7.4
4364,4.86805,2057193.0,5.4
4365,0.36731199999999997,0.0,6.6
4366,5.3231839999999995,1678874.0,7.2
4367,3.4241580000000003,1744858.0,6.3
4368,9.954848,0.0,6.7
4369,0.29245,0.0,6.7
4370,0.28008299999999997,852206.0,7.3
4371,0.043023,623791.0,6.1
4372,5.06516,0.0,6.2
4373,3.65924,0.0,5.9
4374,0.9483159999999999,0.0,7.7
4375,0.6726949999999999,464000.0,6.7
4376,16.570708,0.0,6.4
4377,0.51799,0.0,6.8
4378,8.542921,0.0,6.7
4379,37.555398,336472.0,7.5
4380,5.20209,0.0,5.6
4381,8.887411,444575.0,7.5
4382,0.7485649999999999,274661.0,6.6
4383,0.436148,0.0,4.7
4384,0.030253,0.0,2.8
4385,0.6900890000000001,0.0,4.0
4386,1.883947,0.0,7.2
4387,1.631274,0.0,6.4
4388,0.341461,0.0,4.7
4389,0.8878209999999999,0.0,3.4
4390,8.628485000000001,0.0,6.0
4391,6.507094,14870.0,6.2
4392,1.1907290000000001,0.0,6.3
4393,0.340019,0.0,5.2
4394,0.678475,0.0,6.0
4395,9.055447000000001,0.0,5.5
4396,0.10846800000000001,0.0,4.4
4397,2.175696,10018.0,6.2
4398,1.50211,0.0,5.4
4399,1.260314,7202.0,6.6
4400,0.547654,0.0,0.0
4401,0.0206,0.0,4.8
4402,0.429587,0.0,3.3
4403,0.098351,0.0,8.0
4404,3.629777,0.0,6.2
4405,0.060002999999999994,0.0,8.0
4406,7.145832,0.0,6.4
4407,3.638411,0.0,4.9
4408,1.255771,0.0,5.4
4409,0.783842,0.0,3.5
4410,0.118324,0.0,6.1
4411,0.023681,0.0,5.5
4412,2.9485759999999996,0.0,6.1
4413,0.24385300000000001,0.0,4.5
4414,1.563711,0.0,4.7
4415,0.6534949999999999,0.0,4.8
4416,1.233688,0.0,7.6
4417,0.153625,0.0,5.7
4418,0.328498,0.0,5.0
4419,0.4594,0.0,3.2
4420,7.207051,0.0,4.9
4421,6.6799539999999995,0.0,5.7
4422,1.284741,0.0,5.3
4423,0.9733229999999999,0.0,6.6
4424,1.859965,0.0,4.0
4425,3.418372,0.0,3.5
4426,0.6543399999999999,0.0,4.1
4427,0.17868900000000001,814666.0,6.6
4428,7.310878999999999,0.0,5.7
4429,8.976128,0.0,5.5
4430,0.280829,0.0,5.0
4431,0.7956979999999999,0.0,7.4
4432,16.015598999999998,9600000.0,8.0
4433,5.974156,30905.0,5.3
4434,9.270133,1185783.0,7.3
4435,0.392658,0.0,5.0
4436,25.918007,7022209.0,6.8
4437,4.0971,381420.0,6.1
4438,2.34239,0.0,7.4
4439,20.967146,17385830.0,7.3
4440,10.639774000000001,0.0,5.8
4441,47.651878,267447150.0,6.8
4442,0.9570219999999999,0.0,6.5
4443,5.4249160000000005,819939.0,6.7
4444,0.007254000000000001,0.0,0.0
4445,0.17588499999999999,0.0,5.0
4446,14.238376,1243961.0,5.8
4447,9.436430999999999,3094813.0,6.4
4448,0.33975700000000003,0.0,5.2
4449,3.060685,0.0,6.5
4450,5.023091,0.0,5.0
4451,0.504251,0.0,2.0
4452,12.049373,0.0,7.7
4453,0.108135,0.0,7.0
4454,5.870319,0.0,6.9
4455,0.59424,1001437.0,5.6
4456,3.6436620000000004,2816116.0,7.8
4457,1.824184,0.0,7.6
4458,0.006943,0.0,0.0
4459,0.038706,0.0,7.8
4460,2.171288,0.0,6.1
4461,5.292536,62852.0,7.3
4462,0.004922,0.0,0.0
4463,1.186971,0.0,3.7
4464,11.205726,1984662.0,6.1
4465,6.003418,0.0,6.6
4466,0.32255300000000003,0.0,5.9
4467,19.326114999999998,140000000.0,6.9
4468,1.517771,0.0,8.0
4469,1.4531459999999998,0.0,6.5
4470,25.186002,4007792.0,6.8
4471,5.4988339999999996,0.0,7.7
4472,12.203041,171760.0,6.0
4473,14.386807000000001,78396.0,5.4
4474,8.429295,0.0,7.6
4475,0.471264,0.0,5.6
4476,3.283886,0.0,4.5
4477,12.284939,0.0,5.7
4478,1.0391489999999999,0.0,3.8
4479,18.644023,8000000.0,7.6
4480,9.188431,7830611.0,7.7
4481,1.623769,0.0,5.9
4482,7.731064,1667192.0,6.7
4483,2.8689419999999997,0.0,6.5
4484,0.631571,0.0,5.5
4485,12.378031,4911725.0,6.5
4486,0.5787979999999999,10508.0,0.0
4487,0.0031420000000000003,0.0,0.0
4488,1.471139,0.0,5.2
4489,1.352222,0.0,4.8
4490,0.429083,0.0,6.2
4491,0.045648,0.0,0.0
4492,4.596157,0.0,5.6
4493,0.283059,0.0,4.8
4494,2.659006,0.0,5.3
4495,3.8984980000000005,3202000.0,7.4
4496,41.690578,248000000.0,6.3
4497,3.409764,34505110.0,7.1
4498,10.861167,0.0,6.4
4499,0.099902,0.0,5.5
4500,0.006069,0.0,0.0
4501,0.06927699999999999,0.0,6.0
4502,0.350557,0.0,3.0
4503,0.071349,0.0,5.0
4504,0.012941999999999999,0.0,0.0
4505,2.651304,0.0,6.0
4506,1.501688,0.0,4.8
4507,10.730056,12299668.0,7.3
4508,0.010909,0.0,0.0
4509,0.001586,0.0,4.6
4510,0.061248000000000004,0.0,6.0
4511,6.093989,33456317.0,7.0
4512,0.48088000000000003,0.0,4.2
4513,2.651418,0.0,6.1
4514,15.611857,54667954.0,5.4
4515,1.292948,0.0,5.8
4516,2.537032,17000000.0,5.7
4517,0.772668,0.0,7.2
4518,11.578545,8679814.0,7.4
4519,0.050210000000000005,0.0,6.2
4520,0.9060959999999999,0.0,7.3
4521,2.778633,500000.0,7.8
4522,0.9205909999999999,0.0,7.5
4523,1.447734,0.0,6.3
4524,0.109579,845188.0,7.0
4525,1.09454,0.0,5.6
4526,0.082978,0.0,4.8
4527,0.619136,0.0,7.0
4528,8.519202,603943.0,6.9
4529,0.36446999999999996,0.0,4.8
4530,0.039077,0.0,4.0
4531,0.665512,0.0,5.3
4532,3.433625,0.0,6.4
4533,17.378455,343341.0,6.0
4534,0.425195,0.0,7.1
4535,39.756747999999995,271841.0,8.2
4536,0.388401,0.0,6.9
4537,1.354816,0.0,4.7
4538,0.459625,0.0,4.9
4539,9.108949,98017.0,5.7
4540,1.6542599999999998,0.0,4.2
4541,1.390909,0.0,6.2
4542,26.406001,4242978.0,6.2
4543,0.218736,0.0,4.0
4544,0.383442,0.0,5.0
4545,2.3918470000000003,0.0,4.5
4546,1.68502,0.0,6.9
4547,0.6077819999999999,0.0,7.0
4548,0.046903,0.0,5.0
4549,10.924273,316472.0,5.9
4550,0.021419,0.0,0.0
4551,14.142073000000002,0.0,7.3
4552,1.600171,0.0,3.5
4553,0.0,0.0,0.0
4554,0.397323,0.0,3.4
4555,3.637857,0.0,6.5
4556,0.080105,0.0,0.0
4557,0.251828,0.0,5.2
4558,0.6743979999999999,0.0,6.0
4559,0.072359,0.0,0.0
4560,0.087574,0.0,5.5
4561,0.069244,0.0,5.0
4562,0.07307899999999999,0.0,2.0
4563,6.672008,0.0,6.3
4564,0.161517,0.0,4.3
4565,7.330691000000001,773228.0,7.2
4566,0.165257,0.0,2.4
4567,4.442355,973525.0,6.2
4568,3.905877,0.0,5.9
4569,0.136721,0.0,0.0
4570,1.933366,2281000.0,6.1
4571,0.052941999999999996,0.0,8.0
4572,1.014966,0.0,7.0
4573,4.321249,0.0,6.9
4574,0.160234,0.0,4.2
4575,23.603514,46118097.0,6.7
4576,25.349757999999998,258384.0,6.9
4577,47.456823,193355800.0,5.9
4578,3.291609,0.0,7.2
4579,64.782984,5028948.0,7.8
4580,0.034135000000000006,0.0,7.0
4581,0.033882999999999996,0.0,1.0
4582,1.063439,1162014.0,7.5
4583,0.084344,0.0,3.8
4584,0.13361900000000002,0.0,5.0
4585,8.022122,0.0,6.6
4586,38.100488,170000000.0,5.8
4587,1.428483,0.0,5.5
4588,3.703005,2451545.0,6.6
4589,0.0033520000000000004,0.0,0.0
4590,0.23129699999999997,0.0,5.6
4591,11.347855000000001,0.0,7.8
4592,3.232447,8394751.0,7.4
4593,2.77754,0.0,6.3
4594,0.968865,4358000.0,5.0
4595,35.037625,29400000.0,7.3
4596,19.331884,31081.0,6.0
4597,0.59458,0.0,5.1
4598,1.085909,1750211.0,6.9
4599,5.061107,0.0,4.9
4600,0.049921,0.0,6.8
4601,0.249561,0.0,4.7
4602,59.259204000000004,1000000.0,8.2
4603,1.1702569999999999,246574.0,7.6
4604,11.871424000000001,4500000.0,7.7
4605,28.858238,110197.0,6.9
4606,1.314576,7808524.0,8.0
4607,1.505703,1281176.0,6.2
4608,11.818333,16.0,6.4
4609,1.410387,0.0,6.1
4610,4.270596,0.0,6.4
4611,0.627763,0.0,0.0
4612,1.6732080000000003,0.0,6.3
4613,0.713906,0.0,6.4
4614,0.17817,0.0,4.8
4615,7.791898,0.0,7.6
4616,0.025211,0.0,7.3
4617,0.055867999999999994,2074000.0,5.5
4618,0.008453,0.0,7.0
4619,0.374291,40542.0,3.0
4620,0.045429000000000004,0.0,5.3
4621,1.088501,0.0,2.8
4622,0.062979,0.0,7.0
4623,6.473667,8000000.0,5.9
4624,1.905197,0.0,6.8
4625,0.001389,0.0,0.0
4626,0.006323,0.0,0.0
4627,0.583446,0.0,6.2
4628,1.452199,0.0,5.0
4629,2.733725,0.0,5.7
4630,8.942203,319285.0,6.3
4631,20.601482999999998,12021272.0,6.7
4632,1.45917,4186931.0,6.3
4633,0.005883,0.0,0.0
4634,3.877036,0.0,6.5
4635,1.70819,0.0,5.7
4636,0.812855,0.0,5.7
4637,0.126304,0.0,5.0
4638,0.018087,0.0,0.0
4639,44.656151,501818.0,6.9
4640,0.619348,0.0,5.8
4641,0.293649,203.0,7.5
4642,5.7423589999999995,0.0,4.9
4643,21.825564,3542353.0,6.4
4644,0.055325,0.0,3.0
4645,0.375423,0.0,5.5
4646,0.120505,0.0,7.0
4647,6.978907,56825.0,4.1
4648,0.49322299999999997,0.0,5.9
4649,5.251143,0.0,6.9
4650,20.265518,0.0,6.6
4651,0.130169,0.0,4.8
4652,0.46048999999999995,0.0,5.5
4653,0.399491,0.0,0.0
4654,5.217002,0.0,6.4
4655,0.065103,0.0,5.7
4656,1.063615,0.0,5.0
4657,0.010607,0.0,0.0
4658,1.084387,0.0,4.2
4659,0.172299,0.0,5.5
4660,0.278981,0.0,0.0
4661,0.785744,22000000.0,7.0
4662,0.0921,0.0,10.0
4663,0.166655,0.0,7.7
4664,18.450613,2260712.0,6.9
4665,0.58954,0.0,0.0
4666,0.126676,111300.0,6.9
4667,0.06515499999999999,0.0,5.2
4668,1.183892,27000000.0,4.3
4669,2.043661,5000000.0,6.7
4670,33.142185,100000000.0,6.6
4671,13.971673999999998,4505922.0,6.8
4672,38.771062,14500000.0,7.6
4673,0.6227520000000001,2200000.0,5.1
4674,0.004998,0.0,0.0
4675,0.616283,2295733.0,6.5
4676,2.836537,0.0,6.6
4677,5.937602,2611555.0,6.3
4678,0.06104,0.0,8.0
4679,0.062089,0.0,8.0
4680,1.077321,0.0,4.9
4681,0.47212299999999996,0.0,5.5
4682,4.009379,0.0,4.6
4683,3.2993449999999998,0.0,5.8
4684,0.018716,0.0,0.0
4685,0.092562,0.0,7.7
4686,3.225189,0.0,7.8
4687,1.948435,0.0,6.1
4688,31.339015000000003,0.0,7.7
4689,0.15066,0.0,6.8
4690,4.980585,0.0,4.6
4691,0.145014,0.0,6.0
4692,0.036532,0.0,0.0
4693,1.045623,0.0,6.5
4694,0.254659,0.0,0.0
4695,7.072118,900000.0,7.8
4696,1.0412540000000001,469947.0,7.4
4697,6.722213000000001,0.0,6.1
4698,0.015189,0.0,0.0
4699,0.32762199999999997,0.0,0.0
4700,25.402697,1776935.0,6.8
4701,0.132878,15200000.0,4.6
4702,0.050977999999999996,0.0,5.0
4703,8.570328,2891288.0,5.5
4704,19.052179000000002,20710513.0,7.3
4705,0.619979,0.0,4.9
4706,0.465404,0.0,5.5
4707,2.805351,0.0,5.8
4708,0.076647,0.0,0.0
4709,8.701183,0.0,7.5
4710,0.021391999999999998,0.0,0.0
4711,2.557258,0.0,7.2
4712,0.523122,0.0,6.8
4713,3.284903,6706368.0,7.4
4714,0.015697,0.0,0.0
4715,6.192383,0.0,6.3
4716,0.005256,0.0,0.0
4717,12.833247,3200000.0,6.5
4718,2.213889,0.0,5.9
4719,1.112792,0.0,7.1
4720,9.452808000000001,15861566.0,6.5
4721,0.002388,0.0,0.0
4722,4.5636980000000005,10178331.0,6.6
4723,18.045782,42664410.0,4.9
4724,20.399577999999998,7000000.0,7.5
4725,2.353483,0.0,5.7
4726,5.497682,0.0,7.1
4727,0.001117,0.0,4.9
4728,1.680525,0.0,6.5
4729,0.28397,0.0,0.0
4730,10.826253,0.0,6.3
4731,7.676677000000001,0.0,7.4
4732,8.302951,0.0,5.2
4733,0.186401,0.0,7.0
4734,0.053755,0.0,5.0
4735,0.074005,0.0,7.3
4736,0.394575,0.0,5.5
4737,0.020168000000000002,0.0,6.4
4738,27.788066999999998,3221152.0,7.1
4739,0.020839,0.0,6.0
4740,0.408073,0.0,3.7
4741,0.140989,0.0,3.3
4742,10.400603,28575078.0,6.6
4743,0.838957,0.0,4.5
4744,7.052422,0.0,5.2
4745,2.407048,0.0,4.4
4746,0.176377,0.0,6.4
4747,0.620554,0.0,6.7
4748,6.328665,0.0,5.8
4749,1.5789030000000002,0.0,6.3
4750,0.833937,0.0,6.0
4751,0.557602,0.0,6.0
4752,2.380332,416498.0,5.6
4753,0.412342,0.0,5.1
4754,0.077577,0.0,5.0
4755,0.293587,0.0,8.3
4756,1.777148,0.0,6.9
4757,0.048726,0.0,5.0
4758,27.662696,600896.0,5.8
4759,0.54562,0.0,5.7
4760,0.76368,0.0,6.6
4761,0.9703510000000001,0.0,6.8
4762,2.058834,0.0,6.4
4763,0.00734,0.0,7.0
4764,0.049469,0.0,2.0
4765,0.160779,0.0,3.2
4766,3.2772870000000003,321952.0,7.9
4767,0.595809,0.0,3.5
4768,0.611081,0.0,6.4
4769,0.003582,0.0,0.0
4770,0.12306800000000001,0.0,6.1
4771,0.056459,0.0,0.0
4772,1.330379,10000.0,6.3
4773,19.748658,3151130.0,7.4
4774,0.027811000000000002,0.0,6.0
4775,0.362633,76901.0,6.3
4776,2.634007,0.0,6.8
4777,0.039264,0.0,5.5
4778,7.101197,0.0,6.0
4779,3.320622,0.0,6.4
4780,0.038143,0.0,0.0
4781,0.048948,0.0,6.0
4782,1.048524,0.0,6.8
4783,3.619167,0.0,4.7
4784,1.243955,0.0,6.2
4785,0.32779400000000003,0.0,0.0
4786,0.67457,0.0,5.6
4787,3.5459910000000003,0.0,4.2
4788,4.553644,6000000.0,6.2
4789,1.464566,0.0,6.7
4790,1.1937790000000001,0.0,6.6
4791,0.332679,0.0,2.0
4792,0.212443,99000.0,7.4
4793,0.029757,0.0,6.0
4794,0.16651300000000002,0.0,0.0
4795,0.9181159999999999,0.0,6.0
4796,23.307949,424760.0,6.9
4797,0.022173,0.0,7.5
4798,14.269792,2040920.0,6.6
4799,0.642552,0.0,5.9
4800,1.444476,0.0,7.0
4801,0.857008,0.0,5.7
4802,1.9298830000000002,0.0,6.3
